﻿{
	"credit": "Made with Blockbench, a free, modern block model editor by JannisX11",
	"parent": "block/cross",
	"textures": {
		"0": "blocks/reeds",
		"1": "blocks/reeds_top",
		"particle": "blocks/reeds"
	},
	"elements": [
		{
			"name": "cube",
			"from": [1, -4.5, 5],
			"to": [3, 11.5, 7],
			"shade": true,
			"faces": {
				"north": {
					"uv": [0, 0, 2.2500001907348635, 16],
					"texture": "#0"
				},
				"east": {
					"uv": [0, 0, 2.2500001907348635, 16],
					"texture": "#0"
				},
				"south": {
					"uv": [0, 0, 2.2500001907348635, 16],
					"texture": "#0"
				},
				"west": {
					"uv": [0, 0, 2.2500001907348635, 16],
					"texture": "#0"
				},
				"up": {
					"uv": [
						0,
						13.000001144409179,
						3.0000001907348635,
						16.00000133514404
					],
					"texture": "#1"
				}
			},
			"rotation": {
				"origin": [6, 3.5, 10],
				"axis": "y",
				"angle": -22.5
			}
		},
		{
			"name": "cube",
			"from": [3, -1.5, 12],
			"to": [5, 14.5, 14],
			"shade": true,
			"faces": {
				"north": {
					"uv": [
						4.750000381469727,
						0,
						6.700000381469727,
						16
					],
					"texture": "#0"
				},
				"east": {
					"uv": [
						4.750000381469727,
						0,
						6.700000381469727,
						16
					],
					"texture": "#0"
				},
				"south": {
					"uv": [
						4.750000381469727,
						0,
						6.700000381469727,
						16
					],
					"texture": "#0"
				},
				"west": {
					"uv": [
						4.750000381469727,
						0,
						6.700000381469727,
						16
					],
					"texture": "#0"
				},
				"up": {
					"uv": [
						0,
						13.000001144409179,
						2.950000190734863,
						16.00000133514404
					],
					"texture": "#1"
				}
			},
			"rotation": {
				"origin": [8, 6.5, 15],
				"axis": "y",
				"angle": 0
			}
		},
		{
			"name": "cube",
			"from": [9, -8, 3],
			"to": [11, 8, 5],
			"shade": true,
			"faces": {
				"north": {
					"uv": [13.75, 0, 16.000000190734863, 16],
					"texture": "#0"
				},
				"east": {
					"uv": [13.75, 0, 16.000000190734863, 16],
					"texture": "#0"
				},
				"south": {
					"uv": [13.75, 0, 16.000000190734863, 16],
					"texture": "#0"
				},
				"west": {
					"uv": [13.75, 0, 16.000000190734863, 16],
					"texture": "#0"
				},
				"up": {
					"uv": [
						0,
						13.000001144409179,
						3.0000001907348635,
						16.00000133514404
					],
					"texture": "#1"
				}
			},
			"rotation": {
				"origin": [12, 0, 8],
				"axis": "y",
				"angle": -22.5
			}
		},
		{
			"name": "cube",
			"from": [10.5, 0, 12],
			"to": [12.5, 16, 14],
			"shade": true,
			"faces": {
				"north": {
					"uv": [
						9.250000762939454,
						0,
						11.400000953674317,
						16
					],
					"texture": "#0"
				},
				"east": {
					"uv": [
						9.250000762939454,
						0,
						11.400000953674317,
						16
					],
					"texture": "#0"
				},
				"south": {
					"uv": [
						9.250000762939454,
						0,
						11.400000953674317,
						16
					],
					"texture": "#0"
				},
				"west": {
					"uv": [
						9.250000762939454,
						0,
						11.400000953674317,
						16
					],
					"texture": "#0"
				},
				"up": {
					"uv": [
						0,
						13.000001144409179,
						2.9000001907348634,
						16.00000133514404
					],
					"texture": "#1"
				}
			},
			"rotation": {
				"origin": [13.5, 8, 15],
				"axis": "y",
				"angle": -45
			}
		},
		{
			"name": "cube",
			"from": [8, -4, 8],
			"to": [10, 12, 10],
			"shade": true,
			"faces": {
				"north": {
					"uv": [
						9.250000762939454,
						0,
						11.400000953674317,
						16
					],
					"texture": "#0"
				},
				"east": {
					"uv": [
						9.250000762939454,
						0,
						11.400000953674317,
						16
					],
					"texture": "#0"
				},
				"south": {
					"uv": [
						9.250000762939454,
						0,
						11.400000953674317,
						16
					],
					"texture": "#0"
				},
				"west": {
					"uv": [
						9.250000762939454,
						0,
						11.400000953674317,
						16
					],
					"texture": "#0"
				},
				"up": {
					"uv": [
						0,
						13.250001144409179,
						2.9000001907348634,
						16.00000133514404
					],
					"texture": "#1"
				}
			},
			"rotation": {
				"origin": [11, 4, 13],
				"axis": "y",
				"angle": 0
			}
		}
	]
}